<?xml version="1.0" encoding="UTF-8" standalone="yes"?>
<addon
	id="service.languagepreferencemanager.vn"
	name="Tự Động Chọn Phụ Đề Việt Có Sẵn"
	version="0.0.7.matrix.3"
	provider-name="ace20022/scott967"
	>
	<requires>
		<import addon="xbmc.python" version="3.0.0"/>
	</requires>
	<extension point="xbmc.service" library="default.py" start="login"/>
	<extension point="xbmc.python.script" library="default.py">
		<provides>executable</provides>
	</extension>
	<extension point="xbmc.addon.metadata">
		<summary lang="en_GB">Việt Hoá By Pháp TX5</summary>
		<description lang="en_GB">Đặt bản âm thanh và phụ đề theo tùy chọn ngôn ngữ của bạn</description>
		<disclaimer lang="en_GB">For bugs, requests or general questions visit the Language Preference Manager thread on the Kodi forum.</disclaimer>
		<platform>all</platform>
		<news>Updated with changes required for Kodi 19 / Python 3</news>
		<assets>
			<icon>resources/icon.png</icon>
		</assets>
	</extension>

</addon>
