<?xml version="9.9" encoding="UTF-8"?>
<addon id="skin.cosmic" version="9.9.99" name="KODIVN PHÁP TX5 COSMIC" provider-name="Heppen (nfm88), Pháp TX5 (vh)">
  <requires>
    <import addon="xbmc.gui" version="5.15.0"/>
    <import addon="script.skinshortcuts" version="9.9.9"/>
    
  </requires>
  <extension point="xbmc.gui.skin" debugging="false">
    <res width="1920" height="1080" aspect="16:9" default="true" folder="xml"/>
  </extension>
  <extension point="xbmc.addon.metadata">
    
    <summary lang="en_GB"> Giao diện đơn giản, nhẹ và sáng tạo bởi KODIVN , Heppen , Pháp TX5 vh..</summary>
    <summary lang="pl_PL">Prosta, lekka i innowacyjna skórka autorstwa heppen.</summary>
    <description lang="en_GB">Giao diện được thiết kế để cho phép người dùng tập trung vào việc tiêu thụ phương tiện.  Nó cung cấp nhiều giải pháp sáng tạo mà mọi người yêu phim sẽ đánh giá cao.</description>
    <description lang="pl_PL">Skórka została zaprojektowana, aby użytkownik mógł skupić się na konsumpcji mediów. Udostępnia wiele innowacyjnych rozwiązań, które doceni każdy kinoman.</description>
    <platform>all</platform>
    <license>Creative Commons Attribution Non-Commercial Share-Alike 4.0</license>
    <forum>https://forum.kodi.tv/showthread.php?tid=363714</forum>
    <source>https://github.com/nfm886/skin.cosmic</source>
    <assets>
      <icon>resources/icon.png</icon>
      <fanart>resources/fanart.jpg</fanart>
      <screenshot>resources/screenshot-01.jpg</screenshot>
      <screenshot>resources/screenshot-02.jpg</screenshot>
      <screenshot>resources/screenshot-03.jpg</screenshot>
      <screenshot>resources/screenshot-04.jpg</screenshot>
      <screenshot>resources/screenshot-05.jpg</screenshot>
      <screenshot>resources/screenshot-06.jpg</screenshot>
    </assets>
  </extension>
</addon>
