{"bffab9c0ed7f17a6c4c1311cccc5494d": {"movie_item": {"id": "https://phimnhua.com/xem-phim/phi-vu-den-blacklight-2022/", "label": "Phi V\u1ee5 \u0110en \u2013 Blacklight (2022)", "title": "Phi V\u1ee5 \u0110en \u2013 Blacklight (2022) - FULL", "realtitle": "Phi V\u1ee5 \u0110en \u2013 Blacklight (2022)", "thumb": "https://phimnhua.com/wp-content/uploads/2022/03/blacklight_2022.jpg", "type": "NICE", "intro": "Phi V\u1ee5 \u0110en \u2013 Blacklight (2022)"}, "cat_name": "", "module": "phimnhua.plugin", "className": "phimnhua"}}