<shortcuts>
	<shortcut>
		<defaultID />
		<label>Thể thao</label>
		<label2>Video Add-On</label2>
		<icon>DefaultShortcut.png</icon>
		<thumb>image://https%3a%2f%2fi.imgur.com%2fx0V60BO.png/</thumb>
		<action>ActivateWindow(Videos,"plugin://plugin.video.vnmedia/resources/lib/mkd/thethao/index_thethao/?_pickle_=8004951b000000000000007d948c075f7469746c655f948c0a5468e1bb83207468616f94732e",return)</action>
		</shortcut>
	<shortcut>
		<defaultID />
		<label>Truyền hình</label>
		<label2>Video Add-On</label2>
		<icon>DefaultShortcut.png</icon>
		<thumb>image://https%3a%2f%2fi.imgur.com%2fMnuw95h.png/</thumb>
		<action>ActivateWindow(Videos,"plugin://plugin.video.vnmedia/resources/lib/mkd/truyenhinh/listiptv_root/?_pickle_=8004951f000000000000007d948c075f7469746c655f948c0e54727579e1bb816e2068c3ac6e6894732e",return)</action>
		</shortcut>
	</shortcuts>
